2021-Nov-Mon 20:04:47,Mozilla/5.0 (Windows NT 10.0; Win64; x64) AppleWebKit/537.36 (KHTML, like Gecko) Chrome/96.0.4664.45 Safari/537.36,77.234.205.42
2021-Nov-Mon 20:04:49,Mozilla/5.0 (Windows NT 10.0; Win64; x64) AppleWebKit/537.36 (KHTML, like Gecko) Chrome/96.0.4664.45 Safari/537.36,77.234.205.42
2021-Nov-Mon 20:04:49,Mozilla/5.0 (Windows NT 10.0; Win64; x64) AppleWebKit/537.36 (KHTML, like Gecko) Chrome/96.0.4664.45 Safari/537.36,77.234.205.42
2021-Nov-Mon 20:06:55,Mozilla/5.0 (Windows NT 10.0; Win64; x64) AppleWebKit/537.36 (KHTML, like Gecko) Chrome/96.0.4664.45 Safari/537.36,77.234.205.42
2022-Jan-Thu 15:04:02,"Mozilla/5.0 (Windows NT 10.0; Win64; x64) AppleWebKit/537.36 (KHTML, like Gecko) Chrome/97.0.4692.71 Safari/537.36",195.22.104.44
2022-Jan-Thu 15:08:36,"Mozilla/5.0 (Windows NT 10.0; Win64; x64) AppleWebKit/537.36 (KHTML, like Gecko) Chrome/97.0.4692.71 Safari/537.36",195.22.104.44
2022-Jan-13,15:33:52,
2022-Jan-13,15:33:53,1
2022-Jan-13,15:35:57,
2022-Jan-13,15:35:59,1
2022-Jan-13,15:36:01,
2022-Jan-13,15:36:01,1
2022-Jan-13,15:36:03,
2022-Jan-13,15:36:10,2
2022-Jan-13,15:38:34,
2022-Jan-13,15:38:35,1
2022-Jan-13,16:09:06,195.22.104.44
2022-Jan-13,16:10:41,195.22.104.44
2022-Jan-13,16:10:51,195.22.104.44
2022-Jan-13,16:10:54,195.22.104.44
2022-Jan-13,16:10:58,195.22.104.44
2022-Jan-13,16:11:00,195.22.104.44
